variable_name,variable_label,avail_from_dt,table_name
DCSCOR0Q,S4 CM Pattern Construction Raw Score for Item 17,2022-01-10 11:25:50.593,mcs4_cm_cognitive_assessment_v0001_20211101
DCSCOR0R,S4 CM Pattern Construction Raw Score for Item 18,2022-01-10 11:25:50.593,mcs4_cm_cognitive_assessment_v0001_20211101
DCSCOR0S,S4 CM Pattern Construction Raw Score for Item 19,2022-01-10 11:25:50.593,mcs4_cm_cognitive_assessment_v0001_20211101
DCSCOR0T,S4 CM Pattern Construction Raw Score for Item 20,2022-01-10 11:25:50.593,mcs4_cm_cognitive_assessment_v0001_20211101
DCSCOR0U,S4 CM Pattern Construction Raw Score for Item 21,2022-01-10 11:25:50.593,mcs4_cm_cognitive_assessment_v0001_20211101
DCSCOR0V,S4 CM Pattern Construction Raw Score for Item 22,2022-01-10 11:25:50.593,mcs4_cm_cognitive_assessment_v0001_20211101
DCSCOR0W,S4 CM Pattern Construction Raw Score for Item 23,2022-01-10 11:25:50.593,mcs4_cm_cognitive_assessment_v0001_20211101
DCSCOR0X,S4 CM Pattern Construction Raw Score for Item 24,2022-01-10 11:25:50.593,mcs4_cm_cognitive_assessment_v0001_20211101
DCSCOR0Y,S4 CM Pattern Construction Raw Score for Item 25,2022-01-10 11:25:50.593,mcs4_cm_cognitive_assessment_v0001_20211101
DCSCOR0Z,S4 CM Pattern Construction Raw Score for Item 26,2022-01-10 11:25:50.593,mcs4_cm_cognitive_assessment_v0001_20211101
DCTTSC0A,S4 CM Raw Score for cases suitable for timed scoring,2022-01-10 11:25:50.593,mcs4_cm_cognitive_assessment_v0001_20211101
DCTTSC0B,S4 CM Raw Score for cases NOT suitable for timed scoring,2022-01-10 11:25:50.593,mcs4_cm_cognitive_assessment_v0001_20211101
DCTTSC0C,S4 CM Raw Score for cases suitable for timed scoring,2022-01-10 11:25:50.593,mcs4_cm_cognitive_assessment_v0001_20211101
DCTTSC0D,S4 CM Raw Score for cases NOT suitable for timed scoring,2022-01-10 11:25:50.593,mcs4_cm_cognitive_assessment_v0001_20211101
DCTTSC0E,S4 CM Raw Score for cases routed back to item 1 and terminated early,2022-01-10 11:25:50.593,mcs4_cm_cognitive_assessment_v0001_20211101
DCTTSC0F,S4 CM Raw Score for cases NOT routed back to item 1 but terminated early,2022-01-10 11:25:50.593,mcs4_cm_cognitive_assessment_v0001_20211101
DCCCEN00,S4 CM Item Set Ceiling,2022-01-10 11:25:50.593,mcs4_cm_cognitive_assessment_v0001_20211101
DCCCEA00,S4 CM Item Set Ceiling for Alternative Procedure,2022-01-10 11:25:50.593,mcs4_cm_cognitive_assessment_v0001_20211101
DCCCBN00,S4 CM Item Set Base,2022-01-10 11:25:50.593,mcs4_cm_cognitive_assessment_v0001_20211101
DCTOTS00,S4 CM Pattern Construction Total Raw Score,2022-01-10 11:25:50.593,mcs4_cm_cognitive_assessment_v0001_20211101
DCPCAB00,S4 CM Pattern Construction Ability Scores,2022-01-10 11:25:50.593,mcs4_cm_cognitive_assessment_v0001_20211101
DCPCTS00,S4 CM Pattern Construction age-based T-Scores,2022-01-10 11:25:50.593,mcs4_cm_cognitive_assessment_v0001_20211101
DMSCRE01,S4 CM Maths Test Score Item 1,2022-01-10 11:25:50.593,mcs4_cm_cognitive_assessment_v0001_20211101
DMSCRE02,S4 CM Maths Test Score Item 2,2022-01-10 11:25:50.593,mcs4_cm_cognitive_assessment_v0001_20211101
DMSCRE03,S4 CM Maths Test Score Item 3,2022-01-10 11:25:50.593,mcs4_cm_cognitive_assessment_v0001_20211101
DMSCRE04,S4 CM Maths Test Score Item 4,2022-01-10 11:25:50.593,mcs4_cm_cognitive_assessment_v0001_20211101
DMSCRE05,S4 CM Maths Test Score Item 5,2022-01-10 11:25:50.593,mcs4_cm_cognitive_assessment_v0001_20211101
DMSCRE06,S4 CM Maths Test Score Item 6,2022-01-10 11:25:50.593,mcs4_cm_cognitive_assessment_v0001_20211101
DMSCRE07,S4 CM Maths Test Score Item 7,2022-01-10 11:25:50.593,mcs4_cm_cognitive_assessment_v0001_20211101
DMSCRE08,S4 CM Maths Test Score Item 8,2022-01-10 11:25:50.593,mcs4_cm_cognitive_assessment_v0001_20211101
DMSCRE09,S4 CM Maths Test Score Item 9,2022-01-10 11:25:50.593,mcs4_cm_cognitive_assessment_v0001_20211101
DMSCRE10,S4 CM Maths Test Score Item 10,2022-01-10 11:25:50.593,mcs4_cm_cognitive_assessment_v0001_20211101
DMSCRE11,S4 CM Maths Test Score Item 11,2022-01-10 11:25:50.593,mcs4_cm_cognitive_assessment_v0001_20211101
DMSCRE12,S4 CM Maths Test Score Item 12,2022-01-10 11:25:50.593,mcs4_cm_cognitive_assessment_v0001_20211101
DMSCRE13,S4 CM Maths Test Score Item 13,2022-01-10 11:25:50.593,mcs4_cm_cognitive_assessment_v0001_20211101
DMSCRE14,S4 CM Maths Test Score Item 14,2022-01-10 11:25:50.593,mcs4_cm_cognitive_assessment_v0001_20211101
DMSCRE15,S4 CM Maths Test Score Item 15,2022-01-10 11:25:50.593,mcs4_cm_cognitive_assessment_v0001_20211101
DMSCRE16,S4 CM Maths Test Score Item 16,2022-01-10 11:25:50.593,mcs4_cm_cognitive_assessment_v0001_20211101
DMSCRE17,S4 CM Maths Test Score Item 17,2022-01-10 11:25:50.593,mcs4_cm_cognitive_assessment_v0001_20211101
DMSCRE18,S4 CM Maths Test Score Item 18,2022-01-10 11:25:50.593,mcs4_cm_cognitive_assessment_v0001_20211101
DMSCRE19,S4 CM Maths Test Score Item 19,2022-01-10 11:25:50.593,mcs4_cm_cognitive_assessment_v0001_20211101
DMSCRE20,S4 CM Maths Test Score Item 20,2022-01-10 11:25:50.593,mcs4_cm_cognitive_assessment_v0001_20211101
DCMTOTSCOR,S4 CM Maths Test Score (Total Raw Score),2022-01-10 11:25:50.593,mcs4_cm_cognitive_assessment_v0001_20211101
DCMT_1_7,S4 CM Maths Total for items 1 to 7,2022-01-10 11:25:50.593,mcs4_cm_cognitive_assessment_v0001_20211101
DCMT_8_12,S4 CM Maths Total for items 8 to 12,2022-01-10 11:25:50.593,mcs4_cm_cognitive_assessment_v0001_20211101
DCMT_13_16,S4 CM Maths Total for items 13 to 16,2022-01-10 11:25:50.593,mcs4_cm_cognitive_assessment_v0001_20211101
DCMT_17_20,S4 CM Maths Total for items 17 to 20,2022-01-10 11:25:50.593,mcs4_cm_cognitive_assessment_v0001_20211101
DCMSCR_ESY,S4 CM Maths Score for those attempting items 1 to 7 and 8 to 12,2022-01-10 11:25:50.593,mcs4_cm_cognitive_assessment_v0001_20211101
DCMSCR_MED,S4 CM Maths Score for those attempting items 1 to 7 and 13 to 16,2022-01-10 11:25:50.593,mcs4_cm_cognitive_assessment_v0001_20211101
DCMSCR_HRD,S4 CM Maths Score for those attempting items 1 to 7 and 17 to 20,2022-01-10 11:25:50.593,mcs4_cm_cognitive_assessment_v0001_20211101
DCM_AT_X,Flag to show if entered section CM_ASSESSMENT,2022-01-10 11:25:50.593,mcs4_cm_cognitive_assessment_v0001_20211101
DCMATHS7SC,S4 CM Maths 7 raw score scaled to  original test out of 28 marks,2022-01-10 11:25:50.593,mcs4_cm_cognitive_assessment_v0001_20211101
DAGE,S4 CM Age in months,2022-01-10 11:25:50.593,mcs4_cm_cognitive_assessment_v0001_20211101
DCMATHS7SA,S4 CM Maths 7 Standardised Age Score based on standardisation in 2004,2022-01-10 11:25:50.593,mcs4_cm_cognitive_assessment_v0001_20211101
DANONINT,Anonymised Interviewer Number,2022-01-10 11:25:50.593,mcs4_cm_cognitive_assessment_v0001_20211101
DCOQ0100,Picture 1,2022-01-10 11:25:50.593,mcs4_cm_cognitive_assessment_v0001_20211101
DCOQ0200,Picture 2,2022-01-10 11:25:50.593,mcs4_cm_cognitive_assessment_v0001_20211101
DCOQ0300,Picture 3,2022-01-10 11:25:50.593,mcs4_cm_cognitive_assessment_v0001_20211101
DCOQ0400,Picture 4,2022-01-10 11:25:50.593,mcs4_cm_cognitive_assessment_v0001_20211101
DCOQ0500,Picture 5,2022-01-10 11:25:50.593,mcs4_cm_cognitive_assessment_v0001_20211101
DCOQ0600,Picture 6,2022-01-10 11:25:50.593,mcs4_cm_cognitive_assessment_v0001_20211101
DCOQ0700,Picture 7,2022-01-10 11:25:50.593,mcs4_cm_cognitive_assessment_v0001_20211101
DCOQ0800,Picture 8,2022-01-10 11:25:50.593,mcs4_cm_cognitive_assessment_v0001_20211101
DCOQ0900,Picture 9,2022-01-10 11:25:50.593,mcs4_cm_cognitive_assessment_v0001_20211101
DCOQ1000,Picture 10,2022-01-10 11:25:50.593,mcs4_cm_cognitive_assessment_v0001_20211101
DCOQ1100,Picture 11,2022-01-10 11:25:50.593,mcs4_cm_cognitive_assessment_v0001_20211101
DCOQ1200,Picture 12,2022-01-10 11:25:50.593,mcs4_cm_cognitive_assessment_v0001_20211101
DCOQ1300,Picture 13,2022-01-10 11:25:50.593,mcs4_cm_cognitive_assessment_v0001_20211101
DCOQ1400,Picture 14,2022-01-10 11:25:50.593,mcs4_cm_cognitive_assessment_v0001_20211101
DCOQ1500,Picture 15,2022-01-10 11:25:50.593,mcs4_cm_cognitive_assessment_v0001_20211101
DCOQ1600,Picture 16,2022-01-10 11:25:50.593,mcs4_cm_cognitive_assessment_v0001_20211101
DCOQ1700,Picture 17,2022-01-10 11:25:50.593,mcs4_cm_cognitive_assessment_v0001_20211101
DCOQ1800,Picture 18,2022-01-10 11:25:50.593,mcs4_cm_cognitive_assessment_v0001_20211101
DCOQ1900,Picture 19,2022-01-10 11:25:50.593,mcs4_cm_cognitive_assessment_v0001_20211101
DCOQ2000,Picture 20,2022-01-10 11:25:50.593,mcs4_cm_cognitive_assessment_v0001_20211101
DCOQ2100,Picture 21,2022-01-10 11:25:50.593,mcs4_cm_cognitive_assessment_v0001_20211101
DCOQ2200,Picture 22,2022-01-10 11:25:50.593,mcs4_cm_cognitive_assessment_v0001_20211101
DCOQ2300,Picture 23,2022-01-10 11:25:50.593,mcs4_cm_cognitive_assessment_v0001_20211101
DCOQ2400,Picture 24,2022-01-10 11:25:50.593,mcs4_cm_cognitive_assessment_v0001_20211101
DCOQ2500,Picture 25,2022-01-10 11:25:50.593,mcs4_cm_cognitive_assessment_v0001_20211101
DCOQ2600,Picture 26,2022-01-10 11:25:50.593,mcs4_cm_cognitive_assessment_v0001_20211101
DCOQ2700,Picture 27,2022-01-10 11:25:50.593,mcs4_cm_cognitive_assessment_v0001_20211101
DCOQ2800,Picture 28,2022-01-10 11:25:50.593,mcs4_cm_cognitive_assessment_v0001_20211101
DCOQ2900,Picture 29,2022-01-10 11:25:50.593,mcs4_cm_cognitive_assessment_v0001_20211101
DCOQ3000,Picture 30,2022-01-10 11:25:50.593,mcs4_cm_cognitive_assessment_v0001_20211101
DCOQ3100,Picture 31,2022-01-10 11:25:50.593,mcs4_cm_cognitive_assessment_v0001_20211101
DCOQ3200,Picture 32,2022-01-10 11:25:50.593,mcs4_cm_cognitive_assessment_v0001_20211101
DCOQ3300,Picture 33,2022-01-10 11:25:50.593,mcs4_cm_cognitive_assessment_v0001_20211101
DCOQ3400,Picture 34,2022-01-10 11:25:50.593,mcs4_cm_cognitive_assessment_v0001_20211101
DCOQ3500,Picture 35,2022-01-10 11:25:50.593,mcs4_cm_cognitive_assessment_v0001_20211101
DCOQ3600,Picture 36,2022-01-10 11:25:50.593,mcs4_cm_cognitive_assessment_v0001_20211101
DCOQ3700,Picture 37,2022-01-10 11:25:50.593,mcs4_cm_cognitive_assessment_v0001_20211101
DCOQ3800,Picture 38,2022-01-10 11:25:50.593,mcs4_cm_cognitive_assessment_v0001_20211101
DCOQ3900,Picture 39,2022-01-10 11:25:50.593,mcs4_cm_cognitive_assessment_v0001_20211101
DCOQ4000,Picture 40,2022-01-10 11:25:50.593,mcs4_cm_cognitive_assessment_v0001_20211101
DCOQ4100,Picture 41,2022-01-10 11:25:50.593,mcs4_cm_cognitive_assessment_v0001_20211101
DCOQ4200,Picture 42,2022-01-10 11:25:50.593,mcs4_cm_cognitive_assessment_v0001_20211101
DCOQ4300,Picture 43,2022-01-10 11:25:50.593,mcs4_cm_cognitive_assessment_v0001_20211101
DCOQ4400,Picture 44,2022-01-10 11:25:50.593,mcs4_cm_cognitive_assessment_v0001_20211101
DCOQ4500,Picture 45,2022-01-10 11:25:50.593,mcs4_cm_cognitive_assessment_v0001_20211101
DCOQ4600,Picture 46,2022-01-10 11:25:50.593,mcs4_cm_cognitive_assessment_v0001_20211101
DCOQ4700,Picture 47,2022-01-10 11:25:50.593,mcs4_cm_cognitive_assessment_v0001_20211101
DCOQ4800,Picture 48,2022-01-10 11:25:50.593,mcs4_cm_cognitive_assessment_v0001_20211101
DCOQ4900,Picture 49,2022-01-10 11:25:50.593,mcs4_cm_cognitive_assessment_v0001_20211101
DCOQ5000,Picture 50,2022-01-10 11:25:50.593,mcs4_cm_cognitive_assessment_v0001_20211101
DCOQ5100,Picture 51,2022-01-10 11:25:50.593,mcs4_cm_cognitive_assessment_v0001_20211101
DCOQ5200,Picture 52,2022-01-10 11:25:50.593,mcs4_cm_cognitive_assessment_v0001_20211101
DCOQ5300,Picture 53,2022-01-10 11:25:50.593,mcs4_cm_cognitive_assessment_v0001_20211101
DCOQ5400,Picture 54,2022-01-10 11:25:50.593,mcs4_cm_cognitive_assessment_v0001_20211101
DCOQ5500,Picture 55,2022-01-10 11:25:50.593,mcs4_cm_cognitive_assessment_v0001_20211101
DCOQ5600,Picture 56,2022-01-10 11:25:50.593,mcs4_cm_cognitive_assessment_v0001_20211101
DCOQ5700,Picture 57,2022-01-10 11:25:50.593,mcs4_cm_cognitive_assessment_v0001_20211101
DCOQ5800,Picture 58,2022-01-10 11:25:50.593,mcs4_cm_cognitive_assessment_v0001_20211101
DCTR3C00,S4 CM First trial. Rotate the childs pattern so that it is correctly oriented,2022-01-10 11:25:50.593,mcs4_cm_cognitive_assessment_v0001_20211101
DCTR3D00,S4 CM Example C,2022-01-10 11:25:50.593,mcs4_cm_cognitive_assessment_v0001_20211101
DCTR3E00,S4 CM Example C,2022-01-10 11:25:50.593,mcs4_cm_cognitive_assessment_v0001_20211101
DCTR3F00,S4 CM Second trial. Rotate the pattern so that it is correctly oriented,2022-01-10 11:25:50.593,mcs4_cm_cognitive_assessment_v0001_20211101
DCTR3T00,S4 CM Example C,2022-01-10 11:25:50.593,mcs4_cm_cognitive_assessment_v0001_20211101
DCTR3P00,S4 CM Example C,2022-01-10 11:25:50.593,mcs4_cm_cognitive_assessment_v0001_20211101
DCC08A00,S4 CM Item 8 Did child construct pattern correctly?,2022-01-10 11:25:50.593,mcs4_cm_cognitive_assessment_v0001_20211101
DCC08B00,S4 CM Time in seconds for item 8,2022-01-10 11:25:50.593,mcs4_cm_cognitive_assessment_v0001_20211101
DCC08D00,S4 CM Item 8 INT: Rotate the child's pattern so that it is correctly oriented,2022-01-10 11:25:50.593,mcs4_cm_cognitive_assessment_v0001_20211101
DCC08E00,S4 CM ITEM 8 INT: MIX UP THE CHILDâ€™S PIECES & RECONSTRUCT THE PATTERN,2022-01-10 11:25:50.593,mcs4_cm_cognitive_assessment_v0001_20211101
DCC09A00,S4 CM Item 9 Did child construct pattern correctly?,2022-01-10 11:25:50.593,mcs4_cm_cognitive_assessment_v0001_20211101
DCC09B00,S4 CM Time in seconds for item 9,2022-01-10 11:25:50.593,mcs4_cm_cognitive_assessment_v0001_20211101
DCC09D00,S4 CM Item 9 INT: Rotate the child's pattern so that it is correctly oriented,2022-01-10 11:25:50.593,mcs4_cm_cognitive_assessment_v0001_20211101
DCC09E00,S4 CM Item 9 INT: Mix up the childâ€™s pieces & reconstruct the pattern,2022-01-10 11:25:50.593,mcs4_cm_cognitive_assessment_v0001_20211101
DCC10A00,S4 CM Item 10 Did child construct pattern correctly?,2022-01-10 11:25:50.593,mcs4_cm_cognitive_assessment_v0001_20211101
DCC10B00,S4 CM Time in seconds for item 10,2022-01-10 11:25:50.593,mcs4_cm_cognitive_assessment_v0001_20211101
DCC10C00,S4 CM Item 10 Rotate the childs pattern so that it is correctly oriented,2022-01-10 11:25:50.593,mcs4_cm_cognitive_assessment_v0001_20211101
DCC11A00,S4 CM Item 11 Did child construct pattern correctly?,2022-01-10 11:25:50.593,mcs4_cm_cognitive_assessment_v0001_20211101
DCC11B00,S4 CM Time in Seconds for item 11,2022-01-10 11:25:50.593,mcs4_cm_cognitive_assessment_v0001_20211101
DCC11C00,S4 CM Item 11 Rotate the childs pattern so that it is correctly oriented,2022-01-10 11:25:50.593,mcs4_cm_cognitive_assessment_v0001_20211101
DCC12A00,S4 CM Item 12 Did child construct pattern correctly?,2022-01-10 11:25:50.593,mcs4_cm_cognitive_assessment_v0001_20211101
DCC12B00,S4 CM Time in seconds for item 12,2022-01-10 11:25:50.593,mcs4_cm_cognitive_assessment_v0001_20211101
DCC12C00,S4 CM Item 12 Rotate the childs pattern so that it is correctly oriented,2022-01-10 11:25:50.593,mcs4_cm_cognitive_assessment_v0001_20211101
DCC13A00,S4 CM Item 13 Did child construct pattern correctly?,2022-01-10 11:25:50.593,mcs4_cm_cognitive_assessment_v0001_20211101
DCC13B00,S4 CM Time in Seconds for item 13,2022-01-10 11:25:50.593,mcs4_cm_cognitive_assessment_v0001_20211101
DCC13C00,S4 CM Item 13 Rotate the childs pattern so that it is correctly oriented,2022-01-10 11:25:50.593,mcs4_cm_cognitive_assessment_v0001_20211101
DCSWCA00,S4 CM INT Please confirm: is the child suitable for timed scoring?,2022-01-10 11:25:50.593,mcs4_cm_cognitive_assessment_v0001_20211101
DCTR4L00,S4 CM Example D,2022-01-10 11:25:50.593,mcs4_cm_cognitive_assessment_v0001_20211101
DCTR4C00,S4 CM First trial. Rotate the childs pattern so that it is correctly oriented,2022-01-10 11:25:50.593,mcs4_cm_cognitive_assessment_v0001_20211101
DCTR4D00,S4 CM Example D,2022-01-10 11:25:50.593,mcs4_cm_cognitive_assessment_v0001_20211101
DCTR4E00,S4 CM Example D,2022-01-10 11:25:50.593,mcs4_cm_cognitive_assessment_v0001_20211101
DCTR4F00,S4 CM Second trial. Rotate the pattern so that it is correctly oriented,2022-01-10 11:25:50.593,mcs4_cm_cognitive_assessment_v0001_20211101
DCTR4T00,S4 CM Example D  How many seconds did this take the child?,2022-01-10 11:25:50.593,mcs4_cm_cognitive_assessment_v0001_20211101
DCTR4P00,S4 CM Example D INT: that s right,2022-01-10 11:25:50.593,mcs4_cm_cognitive_assessment_v0001_20211101
DCC14A00,S4 CM Item 14 Did child construct pattern correctly?,2022-01-10 11:25:50.593,mcs4_cm_cognitive_assessment_v0001_20211101
DCC14B00,S4 CM Time in seconds for item 14,2022-01-10 11:25:50.593,mcs4_cm_cognitive_assessment_v0001_20211101
DCC14C00,S4 CM Item 14 Rotate the childs pattern so that it is correctly oriented,2022-01-10 11:25:50.593,mcs4_cm_cognitive_assessment_v0001_20211101
DCC15A00,S4 CM Item 15 Did child construct pattern correctly?,2022-01-10 11:25:50.593,mcs4_cm_cognitive_assessment_v0001_20211101
DCC15B00,S4 CM Time in seconds for item 15,2022-01-10 11:25:50.593,mcs4_cm_cognitive_assessment_v0001_20211101
DCC15C00,S4 CM Item 15 Rotate the childs pattern so that it is correctly oriented,2022-01-10 11:25:50.593,mcs4_cm_cognitive_assessment_v0001_20211101
DCC16A00,S4 CM Item 16 Did child construct pattern correctly?,2022-01-10 11:25:50.593,mcs4_cm_cognitive_assessment_v0001_20211101
DCC16B00,S4 CM Time in seconds for item 16,2022-01-10 11:25:50.593,mcs4_cm_cognitive_assessment_v0001_20211101
DCC16C00,S4 CM Item 16 Rotate the childs pattern so that it is correctly oriented,2022-01-10 11:25:50.593,mcs4_cm_cognitive_assessment_v0001_20211101
DCSWIB00,S4 CM INT: is the child suitable for timed scoring?,2022-01-10 11:25:50.593,mcs4_cm_cognitive_assessment_v0001_20211101
DCSWCB00,S4 CM INT Please confirm: is the child suitable for timed scoring?,2022-01-10 11:25:50.593,mcs4_cm_cognitive_assessment_v0001_20211101
DCC17A00,S4 CM Item 17 Did child construct pattern correctly?,2022-01-10 11:25:50.593,mcs4_cm_cognitive_assessment_v0001_20211101
DCC17B00,S4 CM Time in seconds for item 17,2022-01-10 11:25:50.593,mcs4_cm_cognitive_assessment_v0001_20211101
DCC18A00,S4 CM Item 18 Did child construct pattern correctly?,2022-01-10 11:25:50.593,mcs4_cm_cognitive_assessment_v0001_20211101
DCC18B00,S4 CM Time in seconds for item 18,2022-01-10 11:25:50.593,mcs4_cm_cognitive_assessment_v0001_20211101
DCC19A00,S4 CM Item 19 did child construct pattern correctly?,2022-01-10 11:25:50.593,mcs4_cm_cognitive_assessment_v0001_20211101
DCC19B00,S4 CM Time in seconds for item 19,2022-01-10 11:25:50.593,mcs4_cm_cognitive_assessment_v0001_20211101
DCC19C00,S4 CM Item 19 Rotate the childs pattern so that it is correctly oriented,2022-01-10 11:25:50.593,mcs4_cm_cognitive_assessment_v0001_20211101
DCC20A00,S4 CM Item 20 Did child construct pattern correctly?,2022-01-10 11:25:50.593,mcs4_cm_cognitive_assessment_v0001_20211101
DCC20B00,S4 CM Time in seconds for item 20,2022-01-10 11:25:50.593,mcs4_cm_cognitive_assessment_v0001_20211101
DCC21A00,S4 CM Item 20 Did child construct pattern correctly?,2022-01-10 11:25:50.593,mcs4_cm_cognitive_assessment_v0001_20211101
DCC21B00,S4 CM Time in seconds for item 21,2022-01-10 11:25:50.593,mcs4_cm_cognitive_assessment_v0001_20211101
DCC22A00,S4 CM Item 22 Did child construct pattern correctly?,2022-01-10 11:25:50.593,mcs4_cm_cognitive_assessment_v0001_20211101
DCC22B00,S4 CM Time in seconds for item 22,2022-01-10 11:25:50.593,mcs4_cm_cognitive_assessment_v0001_20211101
DCC23A00,S4 CM Item 23 Did child construct pattern correctly?,2022-01-10 11:25:50.593,mcs4_cm_cognitive_assessment_v0001_20211101
DCC23B00,S4 CM Time in seconds for item 23,2022-01-10 11:25:50.593,mcs4_cm_cognitive_assessment_v0001_20211101
DCC24A00,S4 CM Item 24 Did child construct pattern correctly?,2022-01-10 11:25:50.593,mcs4_cm_cognitive_assessment_v0001_20211101
DCC25A00,S4 CM Item 25 Did child construct pattern correctly?,2022-01-10 11:25:50.593,mcs4_cm_cognitive_assessment_v0001_20211101
DCWR0300,S4 CM The word is:  HE,2022-01-10 11:25:50.593,mcs4_cm_cognitive_assessment_v0001_20211101
DCWR0400,S4 CM The word is:  YOU,2022-01-10 11:25:50.593,mcs4_cm_cognitive_assessment_v0001_20211101
DCWR0500,S4 CM The word is:  BOX,2022-01-10 11:25:50.593,mcs4_cm_cognitive_assessment_v0001_20211101
DCWR0600,S4 CM The word is:  AT,2022-01-10 11:25:50.593,mcs4_cm_cognitive_assessment_v0001_20211101
DCWR0700,S4 CM The word is:  SAID,2022-01-10 11:25:50.593,mcs4_cm_cognitive_assessment_v0001_20211101
DCWR0800,S4 CM The word is:  OUT,2022-01-10 11:25:50.593,mcs4_cm_cognitive_assessment_v0001_20211101
DCWR0900,S4 CM The word is:  JUMP,2022-01-10 11:25:50.593,mcs4_cm_cognitive_assessment_v0001_20211101
DCWR1000,S4 CM The word is:  FISH,2022-01-10 11:25:50.593,mcs4_cm_cognitive_assessment_v0001_20211101
DCWR1100,S4 CM The word is:  ONE,2022-01-10 11:25:50.593,mcs4_cm_cognitive_assessment_v0001_20211101
DCWR1200,S4 CM The word is:  CUP,2022-01-10 11:25:50.593,mcs4_cm_cognitive_assessment_v0001_20211101
DCWR1300,S4 CM The word is:  WOOD,2022-01-10 11:25:50.593,mcs4_cm_cognitive_assessment_v0001_20211101
DCWR1400,S4 CM The word is:  BIRD,2022-01-10 11:25:50.593,mcs4_cm_cognitive_assessment_v0001_20211101
DCWR1500,S4 CM The word is:  CLOCK,2022-01-10 11:25:50.593,mcs4_cm_cognitive_assessment_v0001_20211101
DCWR1600,S4 CM The word is:  RING,2022-01-10 11:25:50.593,mcs4_cm_cognitive_assessment_v0001_20211101
DCWR1700,S4 CM The word is:  WATER,2022-01-10 11:25:50.593,mcs4_cm_cognitive_assessment_v0001_20211101
DCWR1800,S4 CM The word is:  WINDOW,2022-01-10 11:25:50.593,mcs4_cm_cognitive_assessment_v0001_20211101
DCWR1900,S4 CM The word is:  MEN,2022-01-10 11:25:50.593,mcs4_cm_cognitive_assessment_v0001_20211101
DCWR2000,S4 CM The word is:  LIGHT,2022-01-10 11:25:50.593,mcs4_cm_cognitive_assessment_v0001_20211101
DCWR2100,S4 CM The word is:  OIL,2022-01-10 11:25:50.593,mcs4_cm_cognitive_assessment_v0001_20211101
DCWR2200,S4 CM The word is:  SHIP,2022-01-10 11:25:50.593,mcs4_cm_cognitive_assessment_v0001_20211101
DCWR2300,S4 CM The word is:  RUNNING,2022-01-10 11:25:50.593,mcs4_cm_cognitive_assessment_v0001_20211101
DCWR2400,S4 CM The word is:  DIG,2022-01-10 11:25:50.593,mcs4_cm_cognitive_assessment_v0001_20211101
DCWR2500,S4 CM The word is:  MONEY,2022-01-10 11:25:50.593,mcs4_cm_cognitive_assessment_v0001_20211101
DCWR2600,S4 CM The word is:  PAPER,2022-01-10 11:25:50.593,mcs4_cm_cognitive_assessment_v0001_20211101
DCWR2700,S4 CM The word is:  GATE,2022-01-10 11:25:50.593,mcs4_cm_cognitive_assessment_v0001_20211101
DCWR2800,S4 CM The word is:  KNOCK,2022-01-10 11:25:50.593,mcs4_cm_cognitive_assessment_v0001_20211101
DCWR2900,S4 CM The word is:  HEEL,2022-01-10 11:25:50.593,mcs4_cm_cognitive_assessment_v0001_20211101
DCWR3000,S4 CM The word is:  SKIN,2022-01-10 11:25:50.593,mcs4_cm_cognitive_assessment_v0001_20211101
DCWR3100,S4 CM The word is:  COAT,2022-01-10 11:25:50.593,mcs4_cm_cognitive_assessment_v0001_20211101
DCWR3200,S4 CM The word is:  CARPET,2022-01-10 11:25:50.593,mcs4_cm_cognitive_assessment_v0001_20211101
DCWR3300,S4 CM The word is:  BRICK,2022-01-10 11:25:50.593,mcs4_cm_cognitive_assessment_v0001_20211101
DCWR3400,S4 CM The word is:  THIN,2022-01-10 11:25:50.593,mcs4_cm_cognitive_assessment_v0001_20211101
DCWR3500,S4 CM The word is:  BUILDING,2022-01-10 11:25:50.593,mcs4_cm_cognitive_assessment_v0001_20211101
DCWR3600,S4 CM The word is:  TAIL,2022-01-10 11:25:50.593,mcs4_cm_cognitive_assessment_v0001_20211101
DCWR3700,S4 CM The word is:  TRAVEL,2022-01-10 11:25:50.593,mcs4_cm_cognitive_assessment_v0001_20211101
DCWR3800,S4 CM The word is:  BABIES,2022-01-10 11:25:50.593,mcs4_cm_cognitive_assessment_v0001_20211101
DCWR3900,S4 CM The word is:  WRITING,2022-01-10 11:25:50.593,mcs4_cm_cognitive_assessment_v0001_20211101
DCWR4000,S4 CM The word is:  CLIMB,2022-01-10 11:25:50.593,mcs4_cm_cognitive_assessment_v0001_20211101
DCWR4100,S4 CM The word is:  COLLECT,2022-01-10 11:25:50.593,mcs4_cm_cognitive_assessment_v0001_20211101
DCWR4200,S4 CM The word is:  EARLY,2022-01-10 11:25:50.593,mcs4_cm_cognitive_assessment_v0001_20211101
DCWR4300,S4 CM The word is:  PIECE,2022-01-10 11:25:50.593,mcs4_cm_cognitive_assessment_v0001_20211101
DCWR4400,S4 CM The word is:  PIANO,2022-01-10 11:25:50.593,mcs4_cm_cognitive_assessment_v0001_20211101
DCWR4500,S4 CM The word is:  WHISTLE,2022-01-10 11:25:50.593,mcs4_cm_cognitive_assessment_v0001_20211101
DCWR4600,S4 CM The word is:  INVITE,2022-01-10 11:25:50.593,mcs4_cm_cognitive_assessment_v0001_20211101
DCWR4700,S4 CM The word is:  GUEST,2022-01-10 11:25:50.593,mcs4_cm_cognitive_assessment_v0001_20211101
DCWR4800,S4 CM The word is:  ELECTRIC,2022-01-10 11:25:50.593,mcs4_cm_cognitive_assessment_v0001_20211101
DCWR4900,S4 CM The word is:  ENORMOUS,2022-01-10 11:25:50.593,mcs4_cm_cognitive_assessment_v0001_20211101
DCWR5000,S4 CM The word is:  SHOULDER,2022-01-10 11:25:50.593,mcs4_cm_cognitive_assessment_v0001_20211101
DCWR5100,S4 CM The word is:  WRECK,2022-01-10 11:25:50.593,mcs4_cm_cognitive_assessment_v0001_20211101
DCWR5200,S4 CM The word is:  FAVOUR,2022-01-10 11:25:50.593,mcs4_cm_cognitive_assessment_v0001_20211101
DCWR5300,S4 CM The word is:  SUPPLIES,2022-01-10 11:25:50.593,mcs4_cm_cognitive_assessment_v0001_20211101
DCWR5400,S4 CM The word is:  ENCOUNTER,2022-01-10 11:25:50.593,mcs4_cm_cognitive_assessment_v0001_20211101
DCWR5500,S4 CM The word is:  UNIVERSAL,2022-01-10 11:25:50.593,mcs4_cm_cognitive_assessment_v0001_20211101
DCWR5600,S4 CM The word is:  CEILING,2022-01-10 11:25:50.593,mcs4_cm_cognitive_assessment_v0001_20211101
DCWR5700,S4 CM The word is:  GENERATION,2022-01-10 11:25:50.593,mcs4_cm_cognitive_assessment_v0001_20211101
DCWR5800,S4 CM The word is:  ENVIRONMENT,2022-01-10 11:25:50.593,mcs4_cm_cognitive_assessment_v0001_20211101
DCWR5900,S4 CM The word is:  COUGH,2022-01-10 11:25:50.593,mcs4_cm_cognitive_assessment_v0001_20211101
DCWR6000,S4 CM The word is:  CHARACTER,2022-01-10 11:25:50.593,mcs4_cm_cognitive_assessment_v0001_20211101
DCWR6100,S4 CM The word is:  AVENUE,2022-01-10 11:25:50.593,mcs4_cm_cognitive_assessment_v0001_20211101
DCWR6200,S4 CM The word is:  EXPERIENCE,2022-01-10 11:25:50.593,mcs4_cm_cognitive_assessment_v0001_20211101
DCWR6300,S4 CM The word is:  RADIANT,2022-01-10 11:25:50.593,mcs4_cm_cognitive_assessment_v0001_20211101
DCWR6400,S4 CM The word is:  STATUE,2022-01-10 11:25:50.593,mcs4_cm_cognitive_assessment_v0001_20211101
DCWR6500,S4 CM The word is:  AUDIENCE,2022-01-10 11:25:50.593,mcs4_cm_cognitive_assessment_v0001_20211101
DCWR6600,S4 CM The word is:  CURIOSITY,2022-01-10 11:25:50.593,mcs4_cm_cognitive_assessment_v0001_20211101
DCWR6700,S4 CM The word is:  OBSCURE,2022-01-10 11:25:50.593,mcs4_cm_cognitive_assessment_v0001_20211101
DCWR6800,S4 CM The word is:  DIAMETER,2022-01-10 11:25:50.593,mcs4_cm_cognitive_assessment_v0001_20211101
DCWR6900,S4 CM The word is:  CHAOS,2022-01-10 11:25:50.593,mcs4_cm_cognitive_assessment_v0001_20211101
DCWR7000,S4 CM The word is:  BOISTEROUS,2022-01-10 11:25:50.593,mcs4_cm_cognitive_assessment_v0001_20211101
DCWR7100,S4 CM The word is:  TENTATIVE,2022-01-10 11:25:50.593,mcs4_cm_cognitive_assessment_v0001_20211101
DCWR7200,S4 CM The word is:  TRAUMA,2022-01-10 11:25:50.593,mcs4_cm_cognitive_assessment_v0001_20211101
DCWR7300,S4 CM The word is:  JEOPARDY,2022-01-10 11:25:50.593,mcs4_cm_cognitive_assessment_v0001_20211101
DCWR7400,S4 CM The word is:  SILHOUETTE,2022-01-10 11:25:50.593,mcs4_cm_cognitive_assessment_v0001_20211101
DCWR7500,S4 CM The word is:  DESULTORY,2022-01-10 11:25:50.593,mcs4_cm_cognitive_assessment_v0001_20211101
DCWR7600,S4 CM The word is:  REMINISCENT,2022-01-10 11:25:50.593,mcs4_cm_cognitive_assessment_v0001_20211101
DCWR7700,S4 CM The word is:  DIVULGE,2022-01-10 11:25:50.593,mcs4_cm_cognitive_assessment_v0001_20211101
DCWR7800,S4 CM The word is:  DIPLOMACY,2022-01-10 11:25:50.593,mcs4_cm_cognitive_assessment_v0001_20211101
LLC_ID,None,2022-01-10 11:25:50.593,mcs4_cm_cognitive_assessment_v0001_20211101
mcs_llc_fid_e,Encrypted Family/Household anonymised ID for LLC,2022-01-10 11:25:50.593,mcs4_cm_cognitive_assessment_v0001_20211101
PNUM,Cohort Member number within an MCS family,2022-01-10 11:25:50.593,mcs4_cm_cognitive_assessment_v0001_20211101
DAGEDY000,Age at interview in days,2022-01-10 11:25:50.593,mcs4_cm_cognitive_assessment_v0001_20211101
DCAGEY00,S4 CM Age at interview in years,2022-01-10 11:25:50.593,mcs4_cm_cognitive_assessment_v0001_20211101
DCAGEM00,S4 CM Age at interview in months,2022-01-10 11:25:50.593,mcs4_cm_cognitive_assessment_v0001_20211101
DCAGEG00,S4 CM Grouped ages,2022-01-10 11:25:50.593,mcs4_cm_cognitive_assessment_v0001_20211101
DCYAGE00,S4 CM Baby s age in years,2022-01-10 11:25:50.593,mcs4_cm_cognitive_assessment_v0001_20211101
DCWARN00,S4 CM INTERVIEWER: DO NOT ADMINISTER IF LEARNING DIFFICULTY ETC,2022-01-10 11:25:50.593,mcs4_cm_cognitive_assessment_v0001_20211101
DCANCA00,S4 CM INTERVIEWER:  HAVE YOU OBTAINED CONSENT TO ADMINISTER SALLY & ANNE?,2022-01-10 11:25:50.593,mcs4_cm_cognitive_assessment_v0001_20211101
DCLNSA00,S4 CM Interviewer administering Sally Anne,2022-01-10 11:25:50.593,mcs4_cm_cognitive_assessment_v0001_20211101
DCSALN00,S4 CM Length of Sally Anne assessment (mins),2022-01-10 11:25:50.593,mcs4_cm_cognitive_assessment_v0001_20211101
DCSAIN00,S4 CM INTERVIEWER SAY: Let's look at these pictures.,2022-01-10 11:25:50.593,mcs4_cm_cognitive_assessment_v0001_20211101
DCSA1P00,S4 CM INTERVIEWER: POINT TO THE GIRL ON THE LEFT AND SAY: This is Sally ETC,2022-01-10 11:25:50.593,mcs4_cm_cognitive_assessment_v0001_20211101
DCSA2P00,S4 CM SAY: Sally also has a ball. She puts the ball into her basket.,2022-01-10 11:25:50.593,mcs4_cm_cognitive_assessment_v0001_20211101
DCSA3P00,S4 CM POINT TO SALLY LEAVING AND SAY: Sally goes out for a walk.,2022-01-10 11:25:50.593,mcs4_cm_cognitive_assessment_v0001_20211101
DCSA4P00,S4 CM POINT TO ANNE MOVING THE BALL TO THE BOX etc,2022-01-10 11:25:50.593,mcs4_cm_cognitive_assessment_v0001_20211101
DCSA5P00,S4 CM Where Sally looks for ball,2022-01-10 11:25:50.593,mcs4_cm_cognitive_assessment_v0001_20211101
DCS5PX00,S4 CM Where Sally looks for ball,2022-01-10 11:25:50.593,mcs4_cm_cognitive_assessment_v0001_20211101
DCSARE00,S4 CM Where is the ball really?,2022-01-10 11:25:50.593,mcs4_cm_cognitive_assessment_v0001_20211101
DCSREX00,S4 CM Where is the ball really?,2022-01-10 11:25:50.593,mcs4_cm_cognitive_assessment_v0001_20211101
DCSAME00,S4 CM Where did Sally put the ball at start?,2022-01-10 11:25:50.593,mcs4_cm_cognitive_assessment_v0001_20211101
DCSMEX00,S4 CM Where did Sally put the ball at start?,2022-01-10 11:25:50.593,mcs4_cm_cognitive_assessment_v0001_20211101
DCVNWW00,S4 CM Computed: Has ANwW ever been now?,2022-01-10 11:25:50.593,mcs4_cm_cognitive_assessment_v0001_20211101
DCTNWW00,S4 CM Computed: Has ANwW ever been terminate?,2022-01-10 11:25:50.593,mcs4_cm_cognitive_assessment_v0001_20211101
DCSTOA00,S4 CM Computed: Has OA been started?,2022-01-10 11:25:50.593,mcs4_cm_cognitive_assessment_v0001_20211101
DCNLNG00,S4 CM DO YOU WANT TO COMPLETE THE READING ASSESSMENT IN English OR Welsh?,2022-01-10 11:25:50.593,mcs4_cm_cognitive_assessment_v0001_20211101
DCANCW00,S4 CM HAVE YOU OBTAINED CONSENT TO ADMINISTER OUR ADVENTURES ASSESSMENT?,2022-01-10 11:25:50.593,mcs4_cm_cognitive_assessment_v0001_20211101
DCANWW00,S4 CM complete the Our Adventures NOW or LATER?,2022-01-10 11:25:50.593,mcs4_cm_cognitive_assessment_v0001_20211101
DCOALN00,S4 CM Length of Our Adventures assessment  (mins),2022-01-10 11:25:50.593,mcs4_cm_cognitive_assessment_v0001_20211101
DCOAIN00,S4 CM INTERVIEWER: YOU ARE IN THE OUR ADVENTURES ASSESSMENT,2022-01-10 11:25:50.593,mcs4_cm_cognitive_assessment_v0001_20211101
DCOAGO00,S4 CM ALLOW A MAXIMUM OF 30 MINUTES FOR COMPLETION OF THIS ASSESSMENT,2022-01-10 11:25:50.593,mcs4_cm_cognitive_assessment_v0001_20211101
DCOA1Q00,S4 CM INTERVIEWER: DID CHILD COMPLETE ITEM 1?,2022-01-10 11:25:50.593,mcs4_cm_cognitive_assessment_v0001_20211101
DCEND100,S4 CM INTERVIEWER: THAT IS THE END OF THE WORD READING ASSESSMENT FOR CHILD,2022-01-10 11:25:50.593,mcs4_cm_cognitive_assessment_v0001_20211101
DCVNWB00,S4 CM Computed: Has ANwB ever been now?,2022-01-10 11:25:50.593,mcs4_cm_cognitive_assessment_v0001_20211101
DCTNWB00,S4 CM Computed: Has ANwB ever been terminate?,2022-01-10 11:25:50.593,mcs4_cm_cognitive_assessment_v0001_20211101
DCSTWR00,S4 CM Computed: Has WR been started?,2022-01-10 11:25:50.593,mcs4_cm_cognitive_assessment_v0001_20211101
DCANCB00,S4 CM INT: HAVE YOU OBTAINED CONSENT TO ADMINISTER WORD READING ASSESSMENT?,2022-01-10 11:25:50.593,mcs4_cm_cognitive_assessment_v0001_20211101
DCANWB00,S4 CM INT: Do you wish to complete the Word Reading assessment NOW/LATER?,2022-01-10 11:25:50.593,mcs4_cm_cognitive_assessment_v0001_20211101
DCWRLN00,S4 CM Length of Word Reading assessment  (mins),2022-01-10 11:25:50.593,mcs4_cm_cognitive_assessment_v0001_20211101
DCWRIN00,S4 CM In Word Reading assessment,2022-01-10 11:25:50.593,mcs4_cm_cognitive_assessment_v0001_20211101
DCWRSC00,S4 CM Total score for Word Reading test.,2022-01-10 11:25:50.593,mcs4_cm_cognitive_assessment_v0001_20211101
DCWRER00,S4 CM Number of incorrect responses given in Word Reading test,2022-01-10 11:25:50.593,mcs4_cm_cognitive_assessment_v0001_20211101
DCWRCO00,S4 CM Number of consecutive incorrect responses given in Word Reading test,2022-01-10 11:25:50.593,mcs4_cm_cognitive_assessment_v0001_20211101
DCWACO00,S4 CM Number correct from 1-10,2022-01-10 11:25:50.593,mcs4_cm_cognitive_assessment_v0001_20211101
DCWBCO00,S4 CM Number correct from 11-20,2022-01-10 11:25:50.593,mcs4_cm_cognitive_assessment_v0001_20211101
DCWCCO00,S4 CM Number correct from 21-30,2022-01-10 11:25:50.593,mcs4_cm_cognitive_assessment_v0001_20211101
DCWDCO00,S4 CM Number correct from 31-40,2022-01-10 11:25:50.593,mcs4_cm_cognitive_assessment_v0001_20211101
DCWECO00,S4 CM Number correct from 41-50,2022-01-10 11:25:50.593,mcs4_cm_cognitive_assessment_v0001_20211101
DCWFCO00,S4 CM Number correct from 51-60,2022-01-10 11:25:50.593,mcs4_cm_cognitive_assessment_v0001_20211101
DCWGCO00,S4 CM Number correct from 61-70,2022-01-10 11:25:50.593,mcs4_cm_cognitive_assessment_v0001_20211101
DCWHCO00,S4 CM Number correct from 71-80,2022-01-10 11:25:50.593,mcs4_cm_cognitive_assessment_v0001_20211101
DCWICO00,S4 CM Number correct from 81-90,2022-01-10 11:25:50.593,mcs4_cm_cognitive_assessment_v0001_20211101
DCWAER00,S4 CM Number of errors from 1-10,2022-01-10 11:25:50.593,mcs4_cm_cognitive_assessment_v0001_20211101
DCWBER00,S4 CM Number of errors from 11-20,2022-01-10 11:25:50.593,mcs4_cm_cognitive_assessment_v0001_20211101
DCWCER00,S4 CM Number of errors from 21-30,2022-01-10 11:25:50.593,mcs4_cm_cognitive_assessment_v0001_20211101
DCWDER00,S4 CM Number of errors from 31-40,2022-01-10 11:25:50.593,mcs4_cm_cognitive_assessment_v0001_20211101
DCWEER00,S4 CM Number of errors from 41-50,2022-01-10 11:25:50.593,mcs4_cm_cognitive_assessment_v0001_20211101
DCWFER00,S4 CM Number of errors from 51-60,2022-01-10 11:25:50.593,mcs4_cm_cognitive_assessment_v0001_20211101
DCWGER00,S4 CM Number of errors from 61-70,2022-01-10 11:25:50.593,mcs4_cm_cognitive_assessment_v0001_20211101
DCWHER00,S4 CM Number of errors from 71-80,2022-01-10 11:25:50.593,mcs4_cm_cognitive_assessment_v0001_20211101
DCWIER00,S4 CM Number of errors from 81-90,2022-01-10 11:25:50.593,mcs4_cm_cognitive_assessment_v0001_20211101
DCWRNT00,S4 CM SHOW WORD READING CARD: Here is a card with a lot of words (etc),2022-01-10 11:25:50.593,mcs4_cm_cognitive_assessment_v0001_20211101
DCWR0100,S4 CM The word is:  THE,2022-01-10 11:25:50.593,mcs4_cm_cognitive_assessment_v0001_20211101
DCWR0200,S4 CM The word is:  UP,2022-01-10 11:25:50.593,mcs4_cm_cognitive_assessment_v0001_20211101
DCC26A00,S4 CM Item 26 Did child construct pattern correctly?,2022-01-10 11:25:50.593,mcs4_cm_cognitive_assessment_v0001_20211101
DCBEGN00,S4 CM Interviewer: You have been routed back to the start of the assessment,2022-01-10 11:25:50.593,mcs4_cm_cognitive_assessment_v0001_20211101
DCTR1A00,S4 CM Pause as you make sure the child looks at both sides of the squares.,2022-01-10 11:25:50.593,mcs4_cm_cognitive_assessment_v0001_20211101
DCTR1B00,S4 CM Example A,2022-01-10 11:25:50.593,mcs4_cm_cognitive_assessment_v0001_20211101
DCTR1C00,S4 CM First trial. Rotate the childs pattern so that it is correctly oriented,2022-01-10 11:25:50.593,mcs4_cm_cognitive_assessment_v0001_20211101
DCTR1D00,S4 CM Example A,2022-01-10 11:25:50.593,mcs4_cm_cognitive_assessment_v0001_20211101
DCTR1E00,S4 CM Example A,2022-01-10 11:25:50.593,mcs4_cm_cognitive_assessment_v0001_20211101
DCTR1F00,S4 CM Second trial rotate the childs pattern so that it is correctly oriented,2022-01-10 11:25:50.593,mcs4_cm_cognitive_assessment_v0001_20211101
DCTR1T00,S4 CM Example A How many seconds did this take the child?,2022-01-10 11:25:50.593,mcs4_cm_cognitive_assessment_v0001_20211101
DCTR1P00,S4 CM Example A INT: that s right,2022-01-10 11:25:50.593,mcs4_cm_cognitive_assessment_v0001_20211101
DCCINB00,S4 CM INTerviewer in pattern construction (2),2022-01-10 11:25:50.593,mcs4_cm_cognitive_assessment_v0001_20211101
DCC01A00,S4 CM Item 1. Did the child construct the pattern correctly?,2022-01-10 11:25:50.593,mcs4_cm_cognitive_assessment_v0001_20211101
DCC01B00,S4 CM Item 1.  How many seconds did this take the child?,2022-01-10 11:25:50.593,mcs4_cm_cognitive_assessment_v0001_20211101
DCC01C00,S4 CM Item 1. Rotate the child's pattern so that it is correctly oriented,2022-01-10 11:25:50.593,mcs4_cm_cognitive_assessment_v0001_20211101
DCTR2A00,S4 CM Example B,2022-01-10 11:25:50.593,mcs4_cm_cognitive_assessment_v0001_20211101
DCTR2B00,S4 CM First trial. Rotate the childs pattern so that it is correctly oriented,2022-01-10 11:25:50.593,mcs4_cm_cognitive_assessment_v0001_20211101
DCTR2C00,S4 CM Example B,2022-01-10 11:25:50.593,mcs4_cm_cognitive_assessment_v0001_20211101
DCTR2D00,S4 CM Example B,2022-01-10 11:25:50.593,mcs4_cm_cognitive_assessment_v0001_20211101
DCTR2E00,S4 CM Second trial. Rotate the pattern so that it is correctly oriented,2022-01-10 11:25:50.593,mcs4_cm_cognitive_assessment_v0001_20211101
DCTR2T00,S4 CM Example B How many seconds did this take the child?,2022-01-10 11:25:50.593,mcs4_cm_cognitive_assessment_v0001_20211101
DCTR2P00,S4 CM Example B INT: that s right,2022-01-10 11:25:50.593,mcs4_cm_cognitive_assessment_v0001_20211101
DCC02A00,S4 CM Item 2 Did child construct pattern correctly?,2022-01-10 11:25:50.593,mcs4_cm_cognitive_assessment_v0001_20211101
DCC02B00,S4 CM Time in seconds for item 2,2022-01-10 11:25:50.593,mcs4_cm_cognitive_assessment_v0001_20211101
DCC02C00,S4 CM Item 2 INT: rotate the child's pattern so that it is correctly oriented,2022-01-10 11:25:50.593,mcs4_cm_cognitive_assessment_v0001_20211101
DCC03A00,S4 CM Item 3 Did child construct pattern correctly?,2022-01-10 11:25:50.593,mcs4_cm_cognitive_assessment_v0001_20211101
DCC03B00,S4 CM Time in seconds for item 3,2022-01-10 11:25:50.593,mcs4_cm_cognitive_assessment_v0001_20211101
DCC03C00,S4 CM Item 3 INT: rotate the child's pattern so that it is correctly oriented,2022-01-10 11:25:50.593,mcs4_cm_cognitive_assessment_v0001_20211101
DCC04A00,S4 CM Item 4 Did child construct pattern correctly?,2022-01-10 11:25:50.593,mcs4_cm_cognitive_assessment_v0001_20211101
DCC04B00,S4 CM Time in seconds for item 4,2022-01-10 11:25:50.593,mcs4_cm_cognitive_assessment_v0001_20211101
DCC04C00,S4 CM Item 4 INT: rotate the child's pattern so that it is correctly oriented,2022-01-10 11:25:50.593,mcs4_cm_cognitive_assessment_v0001_20211101
DCC05A00,S4 CM Item 5 Did child construct pattern correctly?,2022-01-10 11:25:50.593,mcs4_cm_cognitive_assessment_v0001_20211101
DCC05B00,S4 CM Time in seconds for item 5,2022-01-10 11:25:50.593,mcs4_cm_cognitive_assessment_v0001_20211101
DCC05C00,S4 CM Item 5 INT: rotate the child's pattern so that it is correctly oriented,2022-01-10 11:25:50.593,mcs4_cm_cognitive_assessment_v0001_20211101
DCC06A00,S4 CM Item 6 Did child construct pattern correctly?,2022-01-10 11:25:50.593,mcs4_cm_cognitive_assessment_v0001_20211101
DCC06B00,S4 CM Time in seconds for item 6,2022-01-10 11:25:50.593,mcs4_cm_cognitive_assessment_v0001_20211101
DCC06C00,S4 CM Item 6 INT: rotate the child's pattern so that it is correctly oriented,2022-01-10 11:25:50.593,mcs4_cm_cognitive_assessment_v0001_20211101
DCC07A00,S4 CM Item 7 Did child construct pattern correctly?,2022-01-10 11:25:50.593,mcs4_cm_cognitive_assessment_v0001_20211101
DCC07B00,S4 CM Time in seconds for item 7,2022-01-10 11:25:50.593,mcs4_cm_cognitive_assessment_v0001_20211101
DCSWIC00,S4 CM Interviewer: Is the child suitable for timed scoring?,2022-01-10 11:25:50.593,mcs4_cm_cognitive_assessment_v0001_20211101
DCSWCC00,S4 CM Interviewer Please confirm: is the child suitable for timed scoring?,2022-01-10 11:25:50.593,mcs4_cm_cognitive_assessment_v0001_20211101
DCNDTA00,S4 CM Thank you for playing these games with me.,2022-01-10 11:25:50.593,mcs4_cm_cognitive_assessment_v0001_20211101
DCSTAT00,S4 CM Status of Assessments at present,2022-01-10 11:25:50.593,mcs4_cm_cognitive_assessment_v0001_20211101
DCTODO00,S4 CM Interviewer: Which assessment do you now want to complete,2022-01-10 11:25:50.593,mcs4_cm_cognitive_assessment_v0001_20211101
DCWRAB00,S4 CM Word Reading Ability Score,2022-01-10 11:25:50.593,mcs4_cm_cognitive_assessment_v0001_20211101
DCWRSD00,S4 CM Word Reading Standard Score,2022-01-10 11:25:50.593,mcs4_cm_cognitive_assessment_v0001_20211101
DCFLAG00,S4 CM PC assessment scenarios,2022-01-10 11:25:50.593,mcs4_cm_cognitive_assessment_v0001_20211101
DCSCOR0A,S4 CM Pattern Construction Raw Score for Item 1,2022-01-10 11:25:50.593,mcs4_cm_cognitive_assessment_v0001_20211101
DCSCOR0B,S4 CM Pattern Construction Raw Score for Item 2,2022-01-10 11:25:50.593,mcs4_cm_cognitive_assessment_v0001_20211101
DCSCOR0C,S4 CM Pattern Construction Raw  Score for Item 3,2022-01-10 11:25:50.593,mcs4_cm_cognitive_assessment_v0001_20211101
DCSCOR0D,S4 CM Pattern Construction Raw Score for Item 4,2022-01-10 11:25:50.593,mcs4_cm_cognitive_assessment_v0001_20211101
DCSCOR0E,S4 CM Pattern Construction Raw Score for Item 5,2022-01-10 11:25:50.593,mcs4_cm_cognitive_assessment_v0001_20211101
DCSCOR0F,S4 CM Pattern Construction Raw Score for Item 6,2022-01-10 11:25:50.593,mcs4_cm_cognitive_assessment_v0001_20211101
DCSCOR0G,S4 CM Pattern Construction Raw Score for Item 7,2022-01-10 11:25:50.593,mcs4_cm_cognitive_assessment_v0001_20211101
DCSCOR0H,S4 CM Pattern Construction Raw Score for Item 8,2022-01-10 11:25:50.593,mcs4_cm_cognitive_assessment_v0001_20211101
DCSCOR0I,S4 CM Pattern Construction Raw Score for Item 9,2022-01-10 11:25:50.593,mcs4_cm_cognitive_assessment_v0001_20211101
DCSCOR0J,S4 CM Pattern Construction Raw Score for Item 10,2022-01-10 11:25:50.593,mcs4_cm_cognitive_assessment_v0001_20211101
DCSCOR0K,S4 CM Pattern Construction Raw Score for Item 11,2022-01-10 11:25:50.593,mcs4_cm_cognitive_assessment_v0001_20211101
DCSCOR0L,S4 CM Pattern Construction Raw Score for Item 12,2022-01-10 11:25:50.593,mcs4_cm_cognitive_assessment_v0001_20211101
DCSCOR0M,S4 CM Pattern Construction Raw Score for Item 13,2022-01-10 11:25:50.593,mcs4_cm_cognitive_assessment_v0001_20211101
DCSCOR0N,S4 CM Pattern Construction Raw Score for Item 14,2022-01-10 11:25:50.593,mcs4_cm_cognitive_assessment_v0001_20211101
DCSCOR0O,S4 CM Pattern Construction Raw Score for Item 15,2022-01-10 11:25:50.593,mcs4_cm_cognitive_assessment_v0001_20211101
DCSCOR0P,S4 CM Pattern Construction Raw Score for Item 16,2022-01-10 11:25:50.593,mcs4_cm_cognitive_assessment_v0001_20211101
DCTNWD00,S4 CM Computed: Has ANwD ever been terminate?,2022-01-10 11:25:50.593,mcs4_cm_cognitive_assessment_v0001_20211101
DCSTPC00,S4 CM Computed: Has PC been started?,2022-01-10 11:25:50.593,mcs4_cm_cognitive_assessment_v0001_20211101
DCANCD00,S4 CM PLEASE CONFIRM CONSENT OBTAINED FOR PATTERN CONSTRUCTION ASSESSMENT?,2022-01-10 11:25:50.593,mcs4_cm_cognitive_assessment_v0001_20211101
DCANWD00,S4 CM INT: COMPLETE PATTERN CONSTRUCTION NOW OR LATER?,2022-01-10 11:25:50.593,mcs4_cm_cognitive_assessment_v0001_20211101
DCLNPC00,S4 CM Interviewer administering Pattern Construction English OR Welsh?,2022-01-10 11:25:50.593,mcs4_cm_cognitive_assessment_v0001_20211101
DCPCLN00,S4 CM Length of Pattern Construction assessment  (mins),2022-01-10 11:25:50.593,mcs4_cm_cognitive_assessment_v0001_20211101
DCCNAI00,S4 CM Interviewer in Pattern Construction,2022-01-10 11:25:50.593,mcs4_cm_cognitive_assessment_v0001_20211101
DCC010000,Number of failures in five consecutive items.,2022-01-10 11:25:50.593,mcs4_cm_cognitive_assessment_v0001_20211101
DCC020000,Number of failures in five consecutive items.,2022-01-10 11:25:50.593,mcs4_cm_cognitive_assessment_v0001_20211101
DCC030000,Number of failures in five consecutive items.,2022-01-10 11:25:50.593,mcs4_cm_cognitive_assessment_v0001_20211101
DCC040000,Number of failures in five consecutive items.,2022-01-10 11:25:50.593,mcs4_cm_cognitive_assessment_v0001_20211101
DCC050000,Number of failures in five consecutive items.,2022-01-10 11:25:50.593,mcs4_cm_cognitive_assessment_v0001_20211101
DCC060000,Number of failures in five consecutive items.,2022-01-10 11:25:50.593,mcs4_cm_cognitive_assessment_v0001_20211101
DCC070000,Number of failures in five consecutive items.,2022-01-10 11:25:50.593,mcs4_cm_cognitive_assessment_v0001_20211101
DCC080000,Number of failures in five consecutive items.,2022-01-10 11:25:50.593,mcs4_cm_cognitive_assessment_v0001_20211101
DCC090000,Number of failures in five consecutive items.,2022-01-10 11:25:50.593,mcs4_cm_cognitive_assessment_v0001_20211101
DCC100000,Number of failures in five consecutive items.,2022-01-10 11:25:50.593,mcs4_cm_cognitive_assessment_v0001_20211101
DCC110000,Number of failures in five consecutive items.,2022-01-10 11:25:50.593,mcs4_cm_cognitive_assessment_v0001_20211101
DCC120000,Number of failures in five consecutive items.,2022-01-10 11:25:50.593,mcs4_cm_cognitive_assessment_v0001_20211101
DCC130000,Number of failures in five consecutive items.,2022-01-10 11:25:50.593,mcs4_cm_cognitive_assessment_v0001_20211101
DCC140000,Number of failures in five consecutive items.,2022-01-10 11:25:50.593,mcs4_cm_cognitive_assessment_v0001_20211101
DCC150000,Number of failures in five consecutive items.,2022-01-10 11:25:50.593,mcs4_cm_cognitive_assessment_v0001_20211101
DCC160000,Number of failures in five consecutive items.,2022-01-10 11:25:50.593,mcs4_cm_cognitive_assessment_v0001_20211101
DCC170000,Number of failures in five consecutive items.,2022-01-10 11:25:50.593,mcs4_cm_cognitive_assessment_v0001_20211101
DCC180000,Number of failures in five consecutive items.,2022-01-10 11:25:50.593,mcs4_cm_cognitive_assessment_v0001_20211101
DCC190000,Number of failures in five consecutive items.,2022-01-10 11:25:50.593,mcs4_cm_cognitive_assessment_v0001_20211101
DCC210000,Number of failures in five consecutive items.,2022-01-10 11:25:50.593,mcs4_cm_cognitive_assessment_v0001_20211101
DCC220000,Number of failures in five consecutive items.,2022-01-10 11:25:50.593,mcs4_cm_cognitive_assessment_v0001_20211101
DCC230000,Number of failures in five consecutive items.,2022-01-10 11:25:50.593,mcs4_cm_cognitive_assessment_v0001_20211101
DCC240000,Number of failures in five consecutive items.,2022-01-10 11:25:50.593,mcs4_cm_cognitive_assessment_v0001_20211101
DCC250000,Number of failures in five consecutive items.,2022-01-10 11:25:50.593,mcs4_cm_cognitive_assessment_v0001_20211101
DCC260000,Number of failures in five consecutive items.,2022-01-10 11:25:50.593,mcs4_cm_cognitive_assessment_v0001_20211101
DCC270000,Number of failures in five consecutive items.,2022-01-10 11:25:50.593,mcs4_cm_cognitive_assessment_v0001_20211101
DCC280000,Number of failures in five consecutive items.,2022-01-10 11:25:50.593,mcs4_cm_cognitive_assessment_v0001_20211101
DCC290000,Number of failures in five consecutive items.,2022-01-10 11:25:50.593,mcs4_cm_cognitive_assessment_v0001_20211101
DCSCA0000,Total Score for Pattern Construction.,2022-01-10 11:25:50.593,mcs4_cm_cognitive_assessment_v0001_20211101
DCPAS0000,Number of correct responses given in Pattern Construction,2022-01-10 11:25:50.593,mcs4_cm_cognitive_assessment_v0001_20211101
DCPAB0000,Number of correct responses given in Pattern Construction,2022-01-10 11:25:50.593,mcs4_cm_cognitive_assessment_v0001_20211101
DCPAC0000,Number of correct responses given in Pattern Construction,2022-01-10 11:25:50.593,mcs4_cm_cognitive_assessment_v0001_20211101
DCPAD0000,Number of correct responses given in Pattern Construction,2022-01-10 11:25:50.593,mcs4_cm_cognitive_assessment_v0001_20211101
DCPAE0000,Number of correct responses given in Pattern Construction,2022-01-10 11:25:50.593,mcs4_cm_cognitive_assessment_v0001_20211101
DCPAF0000,Number of correct responses given in Pattern Construction,2022-01-10 11:25:50.593,mcs4_cm_cognitive_assessment_v0001_20211101
DCPAG0000,Number of correct responses given in Pattern Construction,2022-01-10 11:25:50.593,mcs4_cm_cognitive_assessment_v0001_20211101
DCPAH0000,Number of correct responses given in Pattern Construction,2022-01-10 11:25:50.593,mcs4_cm_cognitive_assessment_v0001_20211101
DCPAI0000,Number of correct responses given in Pattern Construction,2022-01-10 11:25:50.593,mcs4_cm_cognitive_assessment_v0001_20211101
DCERA0000,Number of incorrect responses (failures) given in Pattern Construction),2022-01-10 11:25:50.593,mcs4_cm_cognitive_assessment_v0001_20211101
DCERB0000,Number of incorrect responses (failures) given in Pattern Construction),2022-01-10 11:25:50.593,mcs4_cm_cognitive_assessment_v0001_20211101
DCERC0000,Number of incorrect responses (failures) given in Pattern Construction),2022-01-10 11:25:50.593,mcs4_cm_cognitive_assessment_v0001_20211101
DCERD0000,Number of incorrect responses (failures) given in Pattern Construction),2022-01-10 11:25:50.593,mcs4_cm_cognitive_assessment_v0001_20211101
DCTMA0000,Number of items where child has scored LESS than maximum,2022-01-10 11:25:50.593,mcs4_cm_cognitive_assessment_v0001_20211101
DCTMB0000,Number of items where child has scored LESS than maximum,2022-01-10 11:25:50.593,mcs4_cm_cognitive_assessment_v0001_20211101
DCTMC0000,Number of items where child has scored LESS than maximum,2022-01-10 11:25:50.593,mcs4_cm_cognitive_assessment_v0001_20211101
DCTMD0000,Number of items where child has scored LESS than maximum,2022-01-10 11:25:50.593,mcs4_cm_cognitive_assessment_v0001_20211101
DCMXA0000,Number of items where child has scored maximum points,2022-01-10 11:25:50.593,mcs4_cm_cognitive_assessment_v0001_20211101
DCMXB0000,Number of items where child has scored maximum points,2022-01-10 11:25:50.593,mcs4_cm_cognitive_assessment_v0001_20211101
DCMXC0000,Number of items where child has scored maximum points,2022-01-10 11:25:50.593,mcs4_cm_cognitive_assessment_v0001_20211101
DCMXD0000,Number of items where child has scored maximum points. It,2022-01-10 11:25:50.593,mcs4_cm_cognitive_assessment_v0001_20211101
DCBAS0000,Basal - derived variable which stores the lowest item adm,2022-01-10 11:25:50.593,mcs4_cm_cognitive_assessment_v0001_20211101
DCCEI0000,Ceiling - derived variable which stores the last decision,2022-01-10 11:25:50.593,mcs4_cm_cognitive_assessment_v0001_20211101
DCTR3A00,S4 CM All of the cubes are the same.,2022-01-10 11:25:50.593,mcs4_cm_cognitive_assessment_v0001_20211101
DCTR3B00,S4 CM Example C,2022-01-10 11:25:50.593,mcs4_cm_cognitive_assessment_v0001_20211101
DCWR7900,S4 CM The word is:  RHEUMATISM,2022-01-10 11:25:50.593,mcs4_cm_cognitive_assessment_v0001_20211101
DCWR8000,S4 CM The word is:  TYRANNICAL,2022-01-10 11:25:50.593,mcs4_cm_cognitive_assessment_v0001_20211101
DCWR8100,S4 CM The word is:  CATASTROPHE,2022-01-10 11:25:50.593,mcs4_cm_cognitive_assessment_v0001_20211101
DCWR8200,S4 CM The word is:  REGURGITATE,2022-01-10 11:25:50.593,mcs4_cm_cognitive_assessment_v0001_20211101
DCWR8300,S4 CM The word is:  METICULOUS,2022-01-10 11:25:50.593,mcs4_cm_cognitive_assessment_v0001_20211101
DCWR8400,S4 CM The word is:  INITIATE,2022-01-10 11:25:50.593,mcs4_cm_cognitive_assessment_v0001_20211101
DCWR8500,S4 CM The word is:  TERTIARY,2022-01-10 11:25:50.593,mcs4_cm_cognitive_assessment_v0001_20211101
DCWR8600,S4 CM The word is:  CRITERION,2022-01-10 11:25:50.593,mcs4_cm_cognitive_assessment_v0001_20211101
DCWR8700,S4 CM The word is:  ARCHAIC,2022-01-10 11:25:50.593,mcs4_cm_cognitive_assessment_v0001_20211101
DCWR8800,S4 CM The word is:  MONOSYLLABIC,2022-01-10 11:25:50.593,mcs4_cm_cognitive_assessment_v0001_20211101
DCWR8900,S4 CM The word is:  MNEMONIC,2022-01-10 11:25:50.593,mcs4_cm_cognitive_assessment_v0001_20211101
DCWR9000,S4 CM The word is:  FACETIOUS,2022-01-10 11:25:50.593,mcs4_cm_cognitive_assessment_v0001_20211101
DCENDA00,S4 CM INTERVIEWER: THAT IS THE END OF THE WORD READING ASSESSMENT,2022-01-10 11:25:50.593,mcs4_cm_cognitive_assessment_v0001_20211101
DCVNWC00,S4 CM Computed: Has ANwC ever been now?,2022-01-10 11:25:50.593,mcs4_cm_cognitive_assessment_v0001_20211101
DCTNWC00,S4 CM Computed: Has ANwC ever been terminate?,2022-01-10 11:25:50.593,mcs4_cm_cognitive_assessment_v0001_20211101
DCSTNA00,S4 CM Computed: Has NA been started?,2022-01-10 11:25:50.593,mcs4_cm_cognitive_assessment_v0001_20211101
DCANCC00,S4 CM INTERVIEWER: CONSENT OBTAINED TO ADMINISTER THE PROGRESS IN MATHS?,2022-01-10 11:25:50.593,mcs4_cm_cognitive_assessment_v0001_20211101
DCANWC00,S4 CM INTERVIEWER:  Progress in Maths assessment for NOW or LATER?,2022-01-10 11:25:50.593,mcs4_cm_cognitive_assessment_v0001_20211101
DCLNPM00,S4 CM Interviewer admiministering Progess in Maths in English OR Welsh?,2022-01-10 11:25:50.593,mcs4_cm_cognitive_assessment_v0001_20211101
DCINTR00,S4 CM In Maths assessment,2022-01-10 11:25:50.593,mcs4_cm_cognitive_assessment_v0001_20211101
DCNALN00,S4 CM Length of Number Skills assessment  (mins),2022-01-10 11:25:50.593,mcs4_cm_cognitive_assessment_v0001_20211101
DCNSCO00,S4 CM Number skills computed: score,2022-01-10 11:25:50.593,mcs4_cm_cognitive_assessment_v0001_20211101
DCNCOR00,S4 CM Computed: Number correct,2022-01-10 11:25:50.593,mcs4_cm_cognitive_assessment_v0001_20211101
DCNINC00,S4 CM Computed: Number incorrect,2022-01-10 11:25:50.593,mcs4_cm_cognitive_assessment_v0001_20211101
DCN1SC00,S4 CM Computed: score for section 1,2022-01-10 11:25:50.593,mcs4_cm_cognitive_assessment_v0001_20211101
DCN2SC00,S4 CM Computed: score for section 2,2022-01-10 11:25:50.593,mcs4_cm_cognitive_assessment_v0001_20211101
DCN3SC00,S4 CM Computed: score for section 3,2022-01-10 11:25:50.593,mcs4_cm_cognitive_assessment_v0001_20211101
DCN4SC00,S4 CM Computed: score for section 4,2022-01-10 11:25:50.593,mcs4_cm_cognitive_assessment_v0001_20211101
DCN1CO00,S4 CM Computed: number correct in section 1,2022-01-10 11:25:50.593,mcs4_cm_cognitive_assessment_v0001_20211101
DCN2CO00,S4 CM Computed: number correct in section 2,2022-01-10 11:25:50.593,mcs4_cm_cognitive_assessment_v0001_20211101
DCN3CO00,S4 CM Computed: number correct in section 3,2022-01-10 11:25:50.593,mcs4_cm_cognitive_assessment_v0001_20211101
DCN4CO00,S4 CM Computed: number correct in section 4,2022-01-10 11:25:50.593,mcs4_cm_cognitive_assessment_v0001_20211101
DCN1IN00,S4 CM Computed: number incorrect in section 1,2022-01-10 11:25:50.593,mcs4_cm_cognitive_assessment_v0001_20211101
DCN2IN00,S4 CM Computed: number incorrect in section 2,2022-01-10 11:25:50.593,mcs4_cm_cognitive_assessment_v0001_20211101
DCN3IN00,S4 CM Computed: number incorrect in section 3,2022-01-10 11:25:50.593,mcs4_cm_cognitive_assessment_v0001_20211101
DCN4IN00,S4 CM Computed: number incorrect in section 4,2022-01-10 11:25:50.593,mcs4_cm_cognitive_assessment_v0001_20211101
DCPIN200,S4 CM INTERVIEWER: READ INSTRUCTIONS TO THE CHILD,2022-01-10 11:25:50.593,mcs4_cm_cognitive_assessment_v0001_20211101
DCP01A00,S4 CM ITEM 1 : DID THE CHILD DRAW 5 CANDLES?,2022-01-10 11:25:50.593,mcs4_cm_cognitive_assessment_v0001_20211101
DCP02A00,S4 CM ITEM 2 : HOW MANY SHAPES DID THE CHILD PLACE CORRECTLY?,2022-01-10 11:25:50.593,mcs4_cm_cognitive_assessment_v0001_20211101
DCP03A00,S4 CM ITEM 3A: DID THE CHILD ANSWER 2?,2022-01-10 11:25:50.593,mcs4_cm_cognitive_assessment_v0001_20211101
DCP03B00,S4 CM ITEM 3B: DID THE CHILD ANSWER 13?,2022-01-10 11:25:50.593,mcs4_cm_cognitive_assessment_v0001_20211101
DCP04A00,S4 CM ITEM 4A : DID THE CHILD ANSWER 54 OR 74 OR 94?,2022-01-10 11:25:50.593,mcs4_cm_cognitive_assessment_v0001_20211101
DCP04B00,S4 CM ITEM 4B : DID THE CHILD ANSWER 97 OR 95?,2022-01-10 11:25:50.593,mcs4_cm_cognitive_assessment_v0001_20211101
DCP05A00,S4 CM ITEM 5 : DID THE CHILD DRAW A LINE FROM 352 TO 400 AND FROM 98 TO 100?,2022-01-10 11:25:50.593,mcs4_cm_cognitive_assessment_v0001_20211101
DCP06A00,S4 CM ITEM 6 : DID THE CHILD ANSWER 10P?,2022-01-10 11:25:50.593,mcs4_cm_cognitive_assessment_v0001_20211101
DCP07A00,S4 CM ITEM 7 : DID THE CHILD PICK THE SQUARE FROM THE BOTTOM ROW?,2022-01-10 11:25:50.593,mcs4_cm_cognitive_assessment_v0001_20211101
DCP08A00,S4 CM ITEM 8 :  DID THE CHILD DRAW A LINE WHICH WAS SHORTER THAN JACK'S?,2022-01-10 11:25:50.593,mcs4_cm_cognitive_assessment_v0001_20211101
DCP09A00,S4 CM ITEM 9 : DID THE CHILD INDICATE THE FIRST GLASS FROM THE LEFT?,2022-01-10 11:25:50.593,mcs4_cm_cognitive_assessment_v0001_20211101
DCP10A00,S4 CM ITEM 10 : DID THE CHILD DRAW A CIRCLE AT THE BOTTOM OF THE MOBILE?,2022-01-10 11:25:50.593,mcs4_cm_cognitive_assessment_v0001_20211101
DCP11A00,S4 CM ITEM 11 : DID THE CHILD ANSWER 30?,2022-01-10 11:25:50.593,mcs4_cm_cognitive_assessment_v0001_20211101
DCP12A00,S4 CM ITEM 12 : DID THE CHILD DRAW FOUR DOTS?,2022-01-10 11:25:50.593,mcs4_cm_cognitive_assessment_v0001_20211101
DCP13A00,S4 CM ITEM 13A : DID THE CHILD ANSWER 16?,2022-01-10 11:25:50.593,mcs4_cm_cognitive_assessment_v0001_20211101
DCP13B00,S4 CM ITEM 13B : DID THE CHILD ANSWER 15?,2022-01-10 11:25:50.593,mcs4_cm_cognitive_assessment_v0001_20211101
DCP14A00,S4 CM ITEM 14 : DID THE CHILD DRAW 11 O' CLOCK?,2022-01-10 11:25:50.593,mcs4_cm_cognitive_assessment_v0001_20211101
DCP15A00,S4 CM ITEM 15 : DID THE CHILD ANSWER 527? THIS MUST BE WRITTEN AS A NUMBER.,2022-01-10 11:25:50.593,mcs4_cm_cognitive_assessment_v0001_20211101
DCP16A00,S4 CM ITEM 16 : DID THE CHILD ANSWER 3?,2022-01-10 11:25:50.593,mcs4_cm_cognitive_assessment_v0001_20211101
DCP17A00,S4 CM ITEM 17 : THE CORRECT ANSWERS ARE 18,2022-01-10 11:25:50.593,mcs4_cm_cognitive_assessment_v0001_20211101
DCP18A00,S4 CM ITEM 18 : DID THE CHILD ANSWER 42 AND 43? BOTH MUST BE CORRECT,2022-01-10 11:25:50.593,mcs4_cm_cognitive_assessment_v0001_20211101
DCP19A00,S4 CM ITEM 19 : DID THE CHILD ANSWER 55P?,2022-01-10 11:25:50.593,mcs4_cm_cognitive_assessment_v0001_20211101
DCP20A00,S4 CM ITEM 20 : DID THE CHILD ANSWER 3?,2022-01-10 11:25:50.593,mcs4_cm_cognitive_assessment_v0001_20211101
DCNAXX0A,S4 CM INTERVIEWER: WHICH OF THESE CIRCUMSTANCES APPLY TO THIS ASSESSMENT? MC1,2022-01-10 11:25:50.593,mcs4_cm_cognitive_assessment_v0001_20211101
DCNAXX0B,S4 CM INTERVIEWER: WHICH OF THESE CIRCUMSTANCES APPLY TO THIS ASSESSMENT? MC2,2022-01-10 11:25:50.593,mcs4_cm_cognitive_assessment_v0001_20211101
DCNQND00,S4 CM INTERVIEWER: THAT IS THE END OF THE PROGRESS IN MATHS ASSESSMENT,2022-01-10 11:25:50.593,mcs4_cm_cognitive_assessment_v0001_20211101
DCVNWD00,S4 CM Computed: Has ANwD ever been now?,2022-01-10 11:25:50.593,mcs4_cm_cognitive_assessment_v0001_20211101
